SSN,First_Name,Last_Name,Place_of_Birth,Date_of_Birth
1,Ami,Adamo,Lawrence,1978-08-10
2,Kerri,Adiscot,Cumberland,1980-06-28
3,Briant,Anespie,Los Angeles,1989-01-01
4,Margaretha,Aysik,Washington,1973-03-18
5,Hannah,Bachnic,Madison,1956-06-22
6,Alejandrina,Bardell,Wilpen,1962-10-25
7,Angil,Beckson,Oxford,1956-05-01
8,Booth,Belvard,London,1959-10-11
9,Karie,Bendixen,Amsterdam,1969-12-29
10,Xylia,Bendle,Cumberland,1975-01-01
11,Betti,Benz,Berlino,1977-08-05
12,Fanchon,Bish,New York,1987-08-27
13,Perrine,Blagden,Washington,1984-01-04
14,Petunia,Breznovic,Prague,1981-02-19
15,Roxy,Burnage,Oxford,1955-04-13
16,Ludvig,Callf,London,1971-06-05
17,Lavena,Capey,Cumberland,1972-02-17
18,Bartolemo,Chadwin,Pleasantville,1969-07-22
19,Gertrudis,Corzon,Oxford,1983-06-21
20,Abey,Crowest,New York,1965-07-20
21,Inesita,Dallender,New York,1982-04-05
22,Rubie,Delgua,Los Angeles,1970-06-03
23,Fiorenze,Deluca,Lawrence,1984-07-22
24,Jefferson,Dewire,Cardiff,1971-02-16
25,Vitia,Douch,London,1977-08-20
26,Jon,Duckett,Los Angeles,1978-08-16
27,Walker,Dumberell,London,1965-12-30
28,Eva,Elcum,Pleasantville,1956-02-20
29,Ramez,Elmasri,Oxford,1970-02-16
30,Junia,Everal,Los Angeles,1973-11-09
31,Cecile,Follacaro,New York,1986-01-08
32,Quincey,Franke,Bloomington,1964-10-12
33,Sim,Frondt,Bloomington,1967-05-20
34,Bryanty,Froud,London,1970-10-30
35,Luciano,Gamberini,Rome,1979-11-08
36,Corri,Gavrieli,London,1974-06-30
37,Bruno,Goodsall,London,1963-04-27
38,Emiline,Greenhough,Madison,1982-04-11
39,Merrick,Harbron,Pleasantville,1959-11-09
40,Mirelle,Hehnke,Los Angeles,1968-06-25
41,Branden,Huffer,Bloomington,1955-01-03
42,Cal,Inkin,Oxford,1969-11-22
43,Jasen,Itter,Madison,1967-12-24
44,Sansone,Jansen,Lawrence,1968-05-12
45,Lu,Jenne,Seul,1977-01-11
46,Beverlee,Jepensen,Cumberland,1976-12-17
47,Giustina,Jezzard,Pleasantville,1969-02-04
48,Barr,Labbet,Lawrence,1967-07-06
49,Merna,Lambal,London,1969-09-30
50,Russ,Leander,Oxford,1959-11-16
51,Godwin,Lebbern,San Diego,1983-11-16
52,Hirsch,Legging,Oxford,1961-12-19
53,Giffer,Leisman,Los Angeles,1959-05-25
54,Farrah,Letham,Oxford,1962-07-15
55,Gil,Lettington,Los Angeles,1974-08-11
56,Adamo,Ligoe,New York,1971-03-26
57,Ursula,Lockitt,Liverpool,1967-12-14
58,Peri,Maher,Wilpen,1967-04-08
59,Sella,Marriage,Madison,1988-12-01
60,Theo,McLauchlin,Cardiff,1961-03-01
61,Gregorius,McPhater,Pleasantville,1976-12-04
62,Isacco,McSherry,Edimburg,1976-04-17
63,Chelsea,Nannetti,San Diego,1973-04-14
64,Shamkant,Navathe,London,1962-11-24
65,Alessandro,Oldam,New York,1972-07-09
66,Gabriella,Orum,Madison,1958-11-21
67,Margaretta,Pardal,New York,1970-03-08
68,Pincas,Paulisch,Berlino,1973-12-24
69,Cristian,Pes,New York,1981-09-10
70,Nicki,Pharrow,Los Angeles,1984-09-16
71,Reta,Philippsohn,Washington,1966-10-08
72,Marja,Rosedale,New York,1989-03-25
73,Yancey,Sacher,Lawrence,1961-04-17
74,Lewes,Salsberg,Cumberland,1988-05-18
75,Raquel,Semered,Bloomington,1972-03-21
76,Brynn,Semor,Oslo,1986-05-09
77,Merissa,Senechault,New York,1956-02-02
78,Boycie,Shorey,Amsterdam,1989-11-20
79,Zilvia,Silver,Nashville,1958-04-25
80,Jacquenette,Snookes,Lawrence,1973-08-07
81,Marnie,Spinke,Los Angeles,1987-09-07
82,Ileane,Spurriar,Los Angeles,1969-09-03
83,Cointon,Stranaghan,New York,1963-12-30
84,Hastings,Sweetman,Los Angeles,1978-08-13
85,Ange,Symcox,Paris,1977-07-01
86,Harlene,Tartt,New York,1984-09-20
87,Gwyneth,Tinsley,Los Angeles,1986-05-12
88,Burk,Torr,Bloomington,1984-08-01
89,Maible,Twidale,Bloomington,1963-01-29
90,Jermaine,Van Velde,Los Angeles,1979-04-23
91,Leroy,Vasiltsov,San Diego,1976-10-13
92,Andrej,Von Der Empten,Amsterdam,1989-12-17
93,De,Wackly,Bloomington,1989-09-17
94,Breanne,Weben,London,1989-11-13
95,Jodee,Westwick,Liverpool,1968-01-23
96,Hortense,Whatson,Washington,1978-08-25
97,Shelbi,Wheelton,Los Angeles,1987-09-12
98,Sandro,Wilcher,Nashville,1990-09-25
99,Erny,Wrixon,Nashville,1967-02-25
100,Enrico,Zimuel,Milan,1972-04-11
